日期,成交时间,证券代码,证券名称,买卖方向,成交价格,成交数量,成交金额
20240105,10:30:00,301218,华是科技,买入,30.98,12800,396578.56
20240110,:00,301314,科瑞思,卖出,41.00,-6200,-254200.00
20240110,10:30:00,300966,共同药业,买入,23.31,20400,475521.96
20240111,10:30:00,001217,华尔泰,买入,15.95,24200,385990.00
20240111,10:30:00,831304,迪尔化工,买入,8.85,6461,57179.85
20240111,:00,300966,共同药业,卖出,22.30,-20400,-454898.24
20240111,:00,603099,长白山,卖出,29.18,-8300,-242199.81
20240112,10:30:00,002952,亚世光电,买入,36.83,6700,246761.00
20240112,:00,831304,迪尔化工,卖出,8.12,-6461,-52463.32
20240112,:00,001217,华尔泰,卖出,17.69,-24200,-428098.00
20240115,10:30:00,603214,爱婴室,买入,17.51,18600,325598.58
20240115,:00,002952,亚世光电,卖出,34.71,-6700,-232557.00
20240116,10:30:00,002762,金发拉比,买入,9.47,43000,407210.00
20240116,:00,603214,爱婴室,卖出,16.82,-18600,-312852.00
20240117,10:30:00,301012,扬电科技,买入,24.26,17800,431828.00
20240117,10:30:00,603530,神马电力,买入,20.42,21100,430902.00
20240117,10:30:00,301004,嘉益股份,买入,69.19,6000,415135.04
20240117,:00,002762,金发拉比,卖出,9.51,-43000,-408790.00
20240118,:00,301012,扬电科技,卖出,22.41,-17800,-398962.00
20240118,:00,603530,神马电力,卖出,19.00,-21100,-400814.00
20240118,:00,301004,嘉益股份,卖出,67.53,-6000,-405161.03
20240119,10:30:00,001217,华尔泰,买入,16.84,21100,355324.00
20240119,10:30:00,301218,华是科技,买入,31.02,6700,207834.00
20240119,:00,301218,华是科技,卖出,29.77,-12800,-381033.78
20240122,:00,301218,华是科技,卖出,29.02,-6700,-194434.00
20240123,10:30:00,001217,华尔泰,买入,13.64,21000,286440.00
20240123,:00,001217,华尔泰,卖出,16.27,-2000,-32540.00
20240124,10:30:00,000554,泰山石油,买入,5.98,54200,323915.46
20240124,:00,001217,华尔泰,卖出,15.01,-40100,-601901.00
20240125,10:30:00,000798,中水渔业,买入,9.04,32600,294704.00
20240125,:00,000554,泰山石油,卖出,5.92,-120800,-715136.00
20240126,10:30:00,002791,坚朗五金,买入,39.93,7500,299475.00
20240126,10:30:00,603860,中公高科,买入,33.57,8300,278645.94
20240126,:00,000798,中水渔业,卖出,8.90,-32600,-290140.00
20240129,10:30:00,601186,中国铁建,买入,8.80,60800,534813.00
20240129,10:30:00,688648,中邮科技,买入,29.96,8556,256354.02
20240129,:00,603860,中公高科,卖出,31.37,-8300,-260391.75
20240129,:00,002791,坚朗五金,卖出,38.50,-7500,-288750.00
20240130,10:30:00,600679,上海凤凰,买入,12.33,39600,488268.00
20240130,:00,600679,上海凤凰,卖出,13.99,-28100,-393038.66
20240130,:00,688648,中邮科技,卖出,27.02,-8556,-231198.52
20240130,:00,000151,中成股份,卖出,13.48,-31200,-420576.00
20240130,:00,601186,中国铁建,卖出,8.93,-60800,-542944.00
20240131,10:30:00,603860,中公高科,买入,32.59,1200,39108.00
20240201,:00,603860,中公高科,卖出,31.00,-1200,-37200.00
20240202,10:30:00,001217,华尔泰,买入,10.60,33900,359282.37
20240202,10:30:00,600679,上海凤凰,买入,9.22,38200,352204.00
20240202,:00,600679,上海凤凰,卖出,9.39,-39600,-371844.00
20240205,:00,001217,华尔泰,卖出,9.00,-33900,-305100.00
20240205,:00,600679,上海凤凰,卖出,8.49,-38200,-324318.00
20240206,10:30:00,600560,金自天正,买入,13.63,31900,434738.00
20240207,:00,600560,金自天正,卖出,13.34,-31900,-425593.34
20240219,10:30:00,300199,翰宇药业,买入,11.28,18700,210936.00
20240219,10:30:00,300255,常山药业,买入,9.87,10000,98700.00
20240220,10:30:00,300988,津荣天宇,买入,13.41,33800,453383.80
20240220,10:30:00,300199,翰宇药业,买入,11.41,25100,286391.00
20240220,10:30:00,301509,金凯生科,买入,62.99,3200,201568.00
20240220,:00,300255,常山药业,卖出,9.87,-10000,-98671.00
20240220,:00,300199,翰宇药业,卖出,12.39,-18700,-231702.35
20240221,10:30:00,603082,北自科技,买入,36.82,8000,294560.00
20240221,10:30:00,300578,会畅通讯,买入,13.35,22000,293700.00
20240221,10:30:00,300709,精研科技,买入,22.97,15600,358388.10
20240221,10:30:00,300635,中达安,买入,9.79,9900,96921.00
20240221,:00,300988,津荣天宇,卖出,13.86,-33800,-468312.68
20240221,:00,301509,金凯生科,卖出,64.47,-3200,-206304.00
20240221,:00,300199,翰宇药业,卖出,12.49,-25100,-313576.81
20240222,10:30:00,301299,卓创资讯,买入,41.55,13700,569171.74
20240222,10:30:00,300405,科隆股份,买入,4.66,75000,349500.00
20240222,:00,603082,北自科技,卖出,33.73,-8000,-269808.16
20240222,:00,300635,中达安,卖出,9.30,-9900,-92118.51
20240222,:00,300578,会畅通讯,卖出,14.30,-22000,-314600.00
20240222,:00,300709,精研科技,卖出,24.22,-15600,-377788.32
20240223,10:30:00,301396,宏景科技,买入,22.30,18700,417010.00
20240223,:00,301299,卓创资讯,卖出,6.88,-13700,-94270.00
20240223,:00,300405,科隆股份,卖出,5.16,-75000,-387000.00
20240226,10:30:00,301413,安培龙,买入,51.00,8000,408000.00
20240226,10:30:00,300374,中铁装配,买入,16.19,25000,404750.00
20240226,10:30:00,000151,中成股份,买入,10.62,36600,388692.00
20240226,10:30:00,600692,亚通股份,买入,5.88,56800,333984.00
20240226,:00,301396,宏景科技,卖出,0.00,0,0.00
20240227,:00,301413,安培龙,卖出,52.42,-8000,-419360.00
20240227,:00,000151,中成股份,卖出,10.74,-36600,-393084.00
20240227,:00,300374,中铁装配,卖出,16.96,-25000,-424000.00
20240228,10:30:00,600692,亚通股份,买入,5.94,118700,705078.00
20240228,10:30:00,000151,中成股份,买入,10.80,38300,413467.65
20240229,10:30:00,300985,致远新能,买入,31.59,12800,404389.12
20240229,10:30:00,002172,澳洋健康,买入,3.36,119800,402528.00
20240229,:00,000151,中成股份,卖出,10.27,-38300,-393341.00
20240301,10:30:00,300766,每日互动,买入,13.99,29100,407094.45
20240301,10:30:00,300757,罗博特科,买入,301106.00,3600,1083981600.00
20240301,10:30:00,300260,新莱应材,买入,29.00,1468,42572.00
20240301,:00,002172,澳洋健康,卖出,3.38,-119800,-404924.00
20240301,:00,300985,致远新能,卖出,31.80,-12800,-407040.00
20240304,10:30:00,002654,万润科技,买入,11.80,47900,565220.00
20240304,10:30:00,002975,博杰股份,买入,34.98,11900,416273.00
20240304,:00,300260,新莱应材,卖出,27.56,-1468,-40453.38
20240304,:00,300757,罗博特科,卖出,112.99,-3600,-406765.02
20240304,:00,300766,每日互动,卖出,15.33,-29100,-446103.00
20240304,:00,600692,亚通股份,卖出,5.97,-175500,-1047735.00
20240305,10:30:00,300620,光库科技,买入,51.44,14100,725280.03
20240305,10:30:00,605178,时空科技,买入,18.62,22200,413364.00
20240305,10:30:00,603798,康普顿,买入,9.43,22100,208403.00
20240305,:00,002975,博杰股份,卖出,34.93,-11900,-415667.00
20240305,:00,002654,万润科技,卖出,11.96,-47900,-572884.00
20240306,10:30:00,002975,博杰股份,买入,35.52,13000,461760.00
20240306,10:30:00,603721,中广天择,买入,30.55,15500,473515.00
20240306,:00,605178,时空科技,卖出,18.08,-22200,-401426.15
20240306,:00,603798,康普顿,卖出,9.14,-22100,-201994.00
20240306,:00,300620,光库科技,卖出,50.00,-14100,-705000.00
20240307,10:30:00,301117,佳缘科技,买入,37.44,12000,449266.80
20240307,10:30:00,688048,长光华芯,买入,45.25,9233,417790.48
20240307,10:30:00,300374,中铁装配,买入,16.74,19200,321459.78
20240307,:00,603721,中广天择,卖出,28.14,-15500,-436149.32
20240307,:00,002975,博杰股份,卖出,38.60,-13000,-501800.00
20240308,10:30:00,301517,陕西华达,买入,50.47,11200,565212.04
20240308,10:30:00,002975,博杰股份,买入,36.31,12500,453875.00
20240308,10:30:00,688626,翔宇医疗,买入,42.42,13263,562646.30
20240308,:00,301117,佳缘科技,卖出,36.13,-12000,-433575.80
20240308,:00,688048,长光华芯,卖出,45.13,-9233,-416646.46
20240308,:00,300374,中铁装配,卖出,15.59,-19200,-299287.68
20240311,10:30:00,301162,国能日新,买入,53.05,9600,509280.00
20240311,10:30:00,000411,英特集团,买入,11.50,5100,58650.00
20240311,:00,002975,博杰股份,卖出,39.17,-12500,-489637.55
20240311,:00,301517,陕西华达,卖出,50.36,-11200,-564016.90
20240311,:00,688626,翔宇医疗,卖出,42.90,-13263,-568962.81
20240312,10:30:00,301517,陕西华达,买入,51.39,10000,513900.00
20240312,10:30:00,002975,博杰股份,买入,39.31,17200,676208.12
20240312,10:30:00,605298,必得科技,买入,14.65,29900,438074.00
20240312,:00,301162,国能日新,卖出,52.06,-9600,-499790.00
20240312,:00,000411,英特集团,卖出,10.81,-5100,-55136.10
20240313,10:30:00,603283,赛腾股份,买入,88.04,7300,642720.80
20240313,10:30:00,688627,精智达,买入,75.35,3818,287682.86
20240313,:00,605298,必得科技,卖出,14.98,-29900,-447902.00
20240313,:00,301517,陕西华达,卖出,51.69,-10000,-516895.00
20240313,:00,002975,博杰股份,卖出,40.00,-17200,-687917.44
20240314,10:30:00,002975,博杰股份,买入,39.20,17500,686000.00
20240314,10:30:00,301230,泓博医药,买入,38.91,16900,657506.14
20240314,:00,603283,赛腾股份,卖出,85.25,-7300,-622298.81
20240314,:00,688627,精智达,卖出,73.22,-3818,-279555.87
20240315,10:30:00,688070,纵横股份,买入,36.12,17474,631117.48
20240315,:00,301230,泓博医药,卖出,39.03,-16900,-659531.64
20240315,:00,002975,博杰股份,卖出,39.83,-17500,-697031.52
20240318,10:30:00,300044,赛为智能,买入,5.96,72500,432100.00
20240318,10:30:00,688070,纵横股份,买入,39.45,8195,323292.75
20240318,10:30:00,002253,川大智胜,买入,12.67,19100,241977.90
20240319,10:30:00,301313,凡拓数创,买入,29.20,21500,627800.00
20240319,10:30:00,301125,腾亚精工,买入,15.83,39100,618926.44
20240319,:00,688070,纵横股份,卖出,49.54,-25669,-1271537.06
20240319,:00,002253,川大智胜,卖出,13.00,-19100,-248300.00
20240319,:00,300044,赛为智能,卖出,5.94,-72500,-430650.00
20240320,10:30:00,000628,高新发展,买入,87.01,8000,696080.00
20240320,10:30:00,688070,纵横股份,买入,47.08,17054,802841.42
20240320,:00,301125,腾亚精工,卖出,15.61,-39100,-610446.05
20240320,:00,301313,凡拓数创,卖出,30.10,-21500,-647253.00
20240321,10:30:00,301486,致尚科技,买入,44.30,10400,460735.60
20240321,10:30:00,600580,卧龙电驱,买入,17.79,48000,853961.98
20240321,:00,688070,纵横股份,卖出,60.07,-14593,-876552.83
20240321,:00,000628,高新发展,卖出,88.50,-8000,-708000.00
20240322,10:30:00,688070,纵横股份,买入,54.13,11769,637071.35
20240322,:00,688070,纵横股份,卖出,55.77,-2461,-137249.97
20240322,:00,301486,致尚科技,卖出,47.30,-10400,-491904.40
20240322,:00,600580,卧龙电驱,卖出,17.60,-48000,-844800.00
20240325,10:30:00,688070,纵横股份,买入,49.53,12333,610878.16
20240325,10:30:00,601137,博威合金,买入,20.00,26600,532000.00
20240325,:00,688070,纵横股份,卖出,55.98,-11769,-658872.17
20240326,10:30:00,603598,引力传媒,买入,19.48,50100,976088.28
20240326,10:30:00,300242,佳云科技,买入,3.51,250000,878500.00
20240326,:00,688070,纵横股份,卖出,51.32,-12333,-632925.58
20240326,:00,601137,博威合金,卖出,19.60,-26600,-521293.50
20240327,10:30:00,002103,广博股份,买入,7.20,131000,943200.00
20240327,:00,300242,佳云科技,卖出,3.58,-250000,-896150.00
20240327,:00,603598,引力传媒,卖出,19.34,-50100,-968974.08
20240328,10:30:00,002565,顺灏股份,买入,3.16,149300,471788.00
20240328,:00,002103,广博股份,卖出,7.38,-131000,-966780.00
20240329,10:30:00,300697,电工合金,买入,12.10,50000,605000.00
20240329,10:30:00,301307,美利信,买入,30.38,18600,565068.00
20240329,10:30:00,605319,无锡振华,买入,24.09,19800,476982.00
20240329,10:30:00,688070,纵横股份,买入,51.16,5302,271264.60
20240329,:00,002565,顺灏股份,卖出,3.05,-149300,-455365.00
20240401,10:30:00,301141,中科磁业,买入,48.71,16000,779360.00
20240401,10:30:00,688070,纵横股份,买入,49.78,37290,1856338.41
20240401,:00,605319,无锡振华,卖出,24.08,-19800,-476867.00
20240401,:00,300697,电工合金,卖出,12.12,-50000,-606090.00
20240401,:00,688070,纵横股份,卖出,48.88,-3231,-157931.28
20240401,:00,301307,美利信,卖出,29.09,-18600,-541074.00
20240402,10:30:00,300890,翔丰华,买入,42.47,20900,887623.00
20240402,10:30:00,688070,纵横股份,买入,46.19,13881,641220.30
20240402,:00,688070,纵横股份,卖出,49.89,-39361,-1963587.10
20240402,:00,301141,中科磁业,卖出,49.96,-16000,-799359.55
20240403,10:30:00,001696,宗申动力,买入,8.37,100000,836720.00
20240403,:00,688070,纵横股份,卖出,49.16,-13881,-682334.90
20240403,:00,300890,翔丰华,卖出,43.88,-20900,-917092.00
20240408,10:30:00,601899,紫金矿业,买入,17.30,87100,1506830.00
20240408,10:30:00,300732,设研院,买入,7.85,100000,784550.00
20240408,10:30:00,688070,纵横股份,买入,47.02,19054,895961.36
20240408,:00,001696,宗申动力,卖出,8.95,-100000,-895000.00
20240409,10:30:00,603050,科林电气,买入,29.13,30500,888561.00
20240409,10:30:00,688070,纵横股份,买入,48.47,16656,807312.20
20240409,:00,300732,设研院,卖出,7.73,-100000,-773015.32
20240409,:00,688070,纵横股份,卖出,50.35,-5963,-300237.05
20240409,:00,601899,紫金矿业,卖出,17.18,-87100,-1496598.00
20240410,10:30:00,002253,川大智胜,买入,11.62,59100,686647.44
20240410,10:30:00,603518,锦泓集团,买入,9.60,133200,1279049.79
20240410,10:30:00,688631,莱斯信息,买入,69.28,2467,170913.76
20240410,:00,688070,纵横股份,卖出,47.41,-29747,-1410243.81
20240410,:00,603050,科林电气,卖出,27.09,-30500,-826171.80
20240411,10:30:00,301486,致尚科技,买入,43.99,16400,721436.00
20240411,10:30:00,300139,晓程科技,买入,14.01,51200,717312.00
20240411,:00,603518,锦泓集团,卖出,9.83,-133200,-1308778.00
20240411,:00,688631,莱斯信息,卖出,66.99,-2467,-165264.33
20240411,:00,002253,川大智胜,卖出,11.58,-59100,-684378.00
20240412,10:30:00,300690,双一科技,买入,25.04,26900,673549.10
20240412,10:30:00,688070,纵横股份,买入,43.12,18014,776784.12
20240412,10:30:00,603097,江苏华辰,买入,23.07,900,20763.00
20240412,:00,301486,致尚科技,卖出,42.97,-16400,-704737.91
20240412,:00,300139,晓程科技,卖出,14.97,-51200,-766464.00
20240415,10:30:00,688070,纵横股份,买入,40.05,14550,582707.13
20240415,10:30:00,600988,赤峰黄金,买入,19.78,45400,898233.00
20240415,10:30:00,300690,双一科技,买入,24.43,20500,500815.00
20240415,10:30:00,300139,晓程科技,买入,12.10,35300,427110.00
20240415,:00,688070,纵横股份,卖出,40.24,-18014,-724808.28
20240415,:00,603097,江苏华辰,卖出,23.31,-900,-20979.00
20240415,:00,300690,双一科技,卖出,28.18,-26900,-758138.84
20240416,10:30:00,300690,双一科技,买入,24.95,21900,546405.00
20240416,10:30:00,300139,晓程科技,买入,11.60,73300,850427.65
20240416,:00,300690,双一科技,卖出,26.00,-20500,-533000.00
20240416,:00,600988,赤峰黄金,卖出,18.77,-45400,-852158.00
20240417,10:30:00,688522,纳睿雷达,买入,55.96,16276,910757.51
20240417,10:30:00,300139,晓程科技,买入,11.20,49500,554518.80
20240417,:00,300139,晓程科技,卖出,11.86,-98700,-1170687.00
20240417,:00,688070,纵横股份,卖出,41.53,-14550,-604227.55
20240417,:00,300690,双一科技,卖出,27.40,-21900,-600060.00
20240418,10:30:00,300905,宝丽迪,买入,27.01,23000,621285.20
20240418,10:30:00,300139,晓程科技,买入,11.50,49700,571550.00
20240418,10:30:00,301388,欣灵电气,买入,24.00,23100,554400.00
20240418,:00,300139,晓程科技,卖出,11.89,-59400,-706266.00
20240418,:00,688522,纳睿雷达,卖出,57.88,-16276,-942054.88
20240419,10:30:00,002590,万安科技,买入,14.69,40000,587600.00
20240419,10:30:00,688015,交控科技,买入,20.06,27610,553867.64
20240419,:00,300905,宝丽迪,卖出,27.77,-23000,-638708.00
20240419,:00,301388,欣灵电气,卖出,24.28,-23100,-560891.44
20240419,:00,300139,晓程科技,卖出,13.69,-49700,-680288.63
20240422,10:30:00,688070,纵横股份,买入,43.79,23366,1023283.52
20240422,:00,688015,交控科技,卖出,18.62,-27610,-513979.93
20240422,:00,002590,万安科技,卖出,14.35,-40000,-574092.00
20240423,10:30:00,000628,高新发展,买入,36.38,23100,840378.00
20240423,:00,688070,纵横股份,卖出,41.89,-23366,-978830.33
20240424,10:30:00,300430,诚益通,买入,16.05,65000,1043200.00
20240424,10:30:00,300350,华鹏飞,买入,5.30,131300,695890.00
20240424,10:30:00,603017,中衡设计,买入,10.16,60500,614680.00
20240424,:00,000628,高新发展,卖出,39.99,-23100,-923879.88
20240425,10:30:00,300900,广联航空,买入,33.02,45400,1498987.26
20240425,10:30:00,300696,爱乐达,买入,14.41,39700,572077.00
20240425,:00,300430,诚益通,卖出,16.87,-65000,-1096254.09
20240425,:00,300350,华鹏飞,卖出,5.48,-131300,-719524.00
20240426,10:30:00,300520,科大国创,买入,18.10,71700,1297450.65
20240426,10:30:00,002253,川大智胜,买入,11.84,56100,664106.19
20240426,10:30:00,688070,纵横股份,买入,46.42,25001,1160536.10
20240426,10:30:00,003029,吉大正元,买入,23.91,14400,344304.00
20240426,:00,300696,爱乐达,卖出,14.40,-39700,-571755.43
20240426,:00,300900,广联航空,卖出,33.37,-45400,-1514795.97
20240426,:00,603017,中衡设计,卖出,15.03,-60500,-909315.00
20240429,10:30:00,300180,华峰超纤,买入,4.23,273700,1158819.56
20240429,10:30:00,834415,恒拓开源,买入,8.52,106802,910480.26
20240429,10:30:00,603079,圣达生物,买入,10.80,92900,1003573.05
20240429,:00,688070,纵横股份,卖出,44.35,-25001,-1108686.31
20240429,:00,300520,科大国创,卖出,20.83,-71700,-1493220.54
20240429,:00,003029,吉大正元,卖出,23.85,-14400,-343421.28
20240430,10:30:00,000555,神州信息,买入,13.60,91600,1245357.32
20240430,10:30:00,603232,格尔软件,买入,15.93,17300,275589.00
20240430,:00,834415,恒拓开源,卖出,8.60,-106802,-918143.98
20240430,:00,603079,圣达生物,卖出,11.47,-92900,-1065770.25
20240430,:00,002253,川大智胜,卖出,14.89,-56100,-835581.45
20240430,:00,300180,华峰超纤,卖出,4.01,-273700,-1097537.00
20240506,10:30:00,688578,艾力斯,买入,63.01,19546,1231593.46
20240506,10:30:00,002253,川大智胜,买入,11.16,90000,1004400.00
20240506,10:30:00,603232,格尔软件,买入,15.15,115300,1747228.00
20240506,:00,000555,神州信息,卖出,13.36,-91600,-1224032.76
20240506,:00,603232,格尔软件,卖出,14.41,-17300,-249293.00
20240507,10:30:00,603232,格尔软件,买入,14.00,66500,931000.00
20240507,10:30:00,300698,万马科技,买入,35.37,31200,1103513.76
20240507,:00,002253,川大智胜,卖出,12.13,-90000,-1091328.00
20240507,:00,688578,艾力斯,卖出,67.00,-19546,-1309511.06
20240507,:00,603232,格尔软件,卖出,14.12,-115300,-1628036.00
20240508,10:30:00,300890,翔丰华,买入,32.05,44600,1429356.60
20240508,10:30:00,000710,贝瑞基因,买入,9.57,132300,1265721.16
20240508,10:30:00,300698,万马科技,买入,36.58,43000,1572953.76
20240508,:00,603232,格尔软件,卖出,13.79,-66500,-917187.44
20240508,:00,300698,万马科技,卖出,36.50,-31200,-1138684.56
20240509,10:30:00,603928,兴业股份,买入,14.26,60000,855600.00
20240509,10:30:00,300520,科大国创,买入,21.87,34700,758732.85
20240509,:00,000710,贝瑞基因,卖出,9.43,-132300,-1247799.71
20240509,:00,300698,万马科技,卖出,34.27,-43000,-1473544.24
20240509,:00,300890,翔丰华,卖出,33.68,-44600,-1502132.46
20240510,10:30:00,603232,格尔软件,买入,14.07,100600,1415421.88
20240510,10:30:00,688631,莱斯信息,买入,78.11,13000,1015430.00
20240510,10:30:00,600961,株冶集团,买入,11.00,87800,965361.00
20240510,10:30:00,003029,吉大正元,买入,27.86,26200,729901.90
20240510,:00,603928,兴业股份,卖出,13.05,-60000,-783064.77
20240510,:00,300520,科大国创,卖出,22.83,-34700,-792114.25
20240513,:00,603232,格尔软件,卖出,12.70,-100600,-1277515.89
20240513,:00,600961,株冶集团,卖出,10.90,-87800,-957010.21
20240513,:00,003029,吉大正元,卖出,25.00,-26200,-655000.00
20240513,:00,688631,莱斯信息,卖出,73.58,-13000,-956560.80
20240514,10:30:00,002166,莱茵生物,买入,9.68,100000,967960.00
20240514,10:30:00,603739,蔚蓝生物,买入,18.07,50000,903385.00
20240514,10:30:00,001316,润贝航科,买入,35.19,28200,992466.00
20240515,:00,603739,蔚蓝生物,卖出,16.98,-50000,-848764.08
20240515,:00,001316,润贝航科,卖出,35.80,-28200,-1009565.64
20240516,10:30:00,600489,中金黄金,买入,14.85,70000,1039500.00
20240516,:00,002166,莱茵生物,卖出,8.57,-100000,-857000.00
20240517,10:30:00,000697,炼石航空,买入,7.61,135700,1032677.00
20240517,10:30:00,300776,帝尔激光,买入,45.11,18100,816413.17
20240517,10:30:00,300394,天孚通信,买入,141.00,4000,564000.00
20240517,10:30:00,300554,三超新材,买入,22.11,9600,212256.00
20240517,:00,600489,中金黄金,卖出,14.56,-70000,-1019200.00
20240520,10:30:00,300775,三角防务,买入,34.70,30000,1041084.00
20240520,10:30:00,300074,华平股份,买入,4.18,66300,276961.62
20240520,:00,300554,三超新材,卖出,28.55,-9600,-274080.00
20240520,:00,300394,天孚通信,卖出,139.90,-4000,-559611.20
20240520,:00,300776,帝尔激光,卖出,54.98,-18100,-995197.73
20240520,:00,000697,炼石航空,卖出,9.04,-135700,-1226728.00
20240521,:00,300775,三角防务,卖出,34.49,-30000,-1034738.36
20240522,10:30:00,600200,江苏吴中,买入,11.16,115100,1284516.00
20240522,10:30:00,000697,炼石航空,买入,8.40,121800,1023680.28
20240522,:00,300074,华平股份,卖出,3.99,-66300,-264537.00
20240523,10:30:00,603967,中创物流,买入,9.88,189300,1869777.87
20240523,10:30:00,601008,连云港,买入,3.88,491900,1909313.00
20240523,:00,600200,江苏吴中,卖出,10.65,-115100,-1226072.00
20240523,:00,000697,炼石航空,卖出,8.99,-121800,-1094982.00
20240524,10:30:00,688695,中创股份,买入,39.96,13409,535843.75
20240524,10:30:00,870299,灿能电力,买入,7.57,69916,529278.10
20240524,10:30:00,430556,雅达股份,买入,4.73,106932,505799.05
20240524,:00,603967,中创物流,卖出,9.78,-189300,-1851815.91
20240524,:00,601008,连云港,卖出,3.87,-491900,-1905703.00
20240527,10:30:00,603018,华设集团,买入,9.46,110000,1040567.00
20240527,:00,430556,雅达股份,卖出,4.57,-106932,-488747.49
20240527,:00,870299,灿能电力,卖出,7.51,-69916,-525348.57
20240527,:00,688695,中创股份,卖出,38.64,-13409,-518162.40
20240528,10:30:00,600843,上工申贝,买入,8.03,140700,1129792.86
20240528,10:30:00,002655,共达电声,买入,10.60,53600,568267.20
20240528,:00,002655,共达电声,卖出,0.00,0,0.00
20240528,:00,603018,华设集团,卖出,9.70,-110000,-1067000.00
20240529,10:30:00,127071,天箭转债,买入,120.00,9000,1080000.00
20240529,10:30:00,300680,隆盛科技,买入,22.45,38500,864475.15
20240529,10:30:00,301117,佳缘科技,买入,29.32,28100,823922.01
20240529,10:30:00,688102,斯瑞新材,买入,13.03,32233,420079.80
20240529,:00,002655,共达电声,卖出,10.63,-53600,-569995.80
20240529,:00,127071,天箭转债,卖出,120.13,-9000,-1081206.90
20240529,:00,600843,上工申贝,卖出,8.76,-140700,-1232560.14
20240530,10:30:00,300682,朗新集团,买入,10.92,156100,1704083.00
20240530,10:30:00,301179,泽宇智能,买入,19.10,31700,605470.00
20240530,10:30:00,002655,共达电声,买入,0.00,0,0.00
20240530,:00,688102,斯瑞新材,卖出,12.31,-32233,-396788.23
20240530,:00,300680,隆盛科技,卖出,20.55,-38500,-791178.85
20240530,:00,301117,佳缘科技,卖出,30.04,-28100,-844050.94
20240531,10:30:00,002869,金溢科技,买入,18.90,53950,1019696.86
20240531,10:30:00,301106,骏成科技,买入,35.89,54240,1946777.16
20240531,10:30:00,688722,同益中,买入,11.51,2579,29684.29
20240531,:00,301179,泽宇智能,卖出,18.40,-31700,-583219.77
20240531,:00,300682,朗新集团,卖出,10.69,-156100,-1668780.00
20240603,10:30:00,123209,聚隆转债,买入,141.99,8490,1205461.99
20240603,10:30:00,128082,华锋转债,买入,130.90,9200,1204260.68
20240603,10:30:00,688609,九联科技,买入,10.87,87173,947866.90
20240603,10:30:00,301329,信音电子,买入,24.18,40200,972170.67
20240603,:00,688722,同益中,卖出,12.03,-2579,-31025.37
20240603,:00,128082,华锋转债,卖出,127.99,-9200,-1177552.19
20240603,:00,002869,金溢科技,卖出,19.71,-53950,-1063461.00
20240603,:00,301106,骏成科技,卖出,24.32,-54240,-1319119.00
20240603,:00,123209,聚隆转债,卖出,142.49,-8490,-1209777.46
20240604,10:30:00,688609,九联科技,买入,10.95,132064,1446587.31
20240604,10:30:00,300552,万集科技,买入,39.30,23100,907724.75
20240604,:00,301329,信音电子,卖出,21.10,-40200,-848412.00
20240605,10:30:00,300462,华铭智能,买入,9.68,142700,1381336.00
20240605,:00,688609,九联科技,卖出,10.78,-55338,-596789.73
20240605,:00,300552,万集科技,卖出,42.39,-23100,-979207.98
20240606,10:30:00,300462,华铭智能,买入,8.14,77000,626787.70
20240606,:00,688609,九联科技,卖出,10.19,-163899,-1669469.90
20240606,:00,300462,华铭智能,卖出,7.23,-142700,-1032431.70
20240607,10:30:00,601028,玉龙股份,买入,14.38,76700,1102946.00
20240607,10:30:00,688609,九联科技,买入,9.82,63248,620958.66
20240607,:00,300462,华铭智能,卖出,7.40,-77000,-569800.00
20240611,10:30:00,688609,九联科技,买入,9.85,119657,1178796.91
20240611,:00,601028,玉龙股份,卖出,13.09,-76700,-1004056.69
20240612,10:30:00,600692,亚通股份,买入,5.03,518500,2610531.71
20240612,10:30:00,688609,九联科技,买入,10.31,42483,437999.73
20240612,:00,688609,九联科技,卖出,10.49,-182905,-1918647.75
20240613,10:30:00,688609,九联科技,买入,10.94,32710,357847.40
20240613,:00,688609,九联科技,卖出,11.06,-42483,-469861.98
20240614,10:30:00,301578,辰奕智能,买入,43.31,20820,901792.65
20240614,:00,600692,亚通股份,卖出,5.13,-288300,-1479458.00
20240614,:00,688609,九联科技,卖出,10.84,-32710,-354576.40
20240617,10:30:00,600692,亚通股份,买入,5.00,325300,1626500.00
20240617,10:30:00,300457,赢合科技,买入,20.01,50800,1016266.00
20240617,10:30:00,605058,澳弘电子,买入,20.99,10200,214065.36
20240617,:00,301578,辰奕智能,卖出,41.88,-20820,-871941.60
20240618,10:30:00,301517,陕西华达,买入,61.16,18100,1107035.75
20240618,10:30:00,301117,佳缘科技,买入,27.80,14100,391980.00
20240618,:00,605058,澳弘电子,卖出,20.56,-10200,-209740.56
20240618,:00,300457,赢合科技,卖出,19.88,-50800,-1009914.16
20240619,10:30:00,301005,超捷股份,买入,29.58,39000,1153710.06
20240619,10:30:00,301517,陕西华达,买入,60.61,7645,463363.45
20240619,:00,301117,佳缘科技,卖出,28.09,-14100,-396092.97
20240619,:00,301517,陕西华达,卖出,62.11,-18100,-1124169.28
20240620,10:30:00,301005,超捷股份,买入,29.02,38800,1125976.00
20240620,:00,600692,亚通股份,卖出,4.73,-63100,-298463.00
20240620,:00,301517,陕西华达,卖出,57.64,-7645,-440672.32
20240620,:00,301005,超捷股份,卖出,27.50,-39000,-1072500.00
20240621,10:30:00,600692,亚通股份,买入,4.94,152200,752202.84
20240621,:00,600692,亚通股份,卖出,4.67,-123100,-574877.00
20240621,:00,301005,超捷股份,卖出,27.39,-38800,-1062883.32
20240624,:00,600692,亚通股份,卖出,4.66,-312900,-1457071.00
20240625,10:30:00,301179,泽宇智能,买入,18.26,39800,726574.00
20240625,10:30:00,301509,金凯生科,买入,38.60,9600,370528.32
20240625,10:30:00,603171,税友股份,买入,22.38,9700,217086.00
20240625,:00,600692,亚通股份,卖出,4.70,-104200,-490089.00
20240626,10:30:00,301393,昊帆生物,买入,46.98,13300,624860.60
20240626,10:30:00,301179,泽宇智能,买入,18.84,21300,401272.83
20240626,:00,600692,亚通股份,卖出,4.74,-104400,-495117.00
20240626,:00,603171,税友股份,卖出,25.05,-9700,-242937.47
20240626,:00,301509,金凯生科,卖出,39.52,-9600,-379433.28
20240626,:00,301179,泽宇智能,卖出,18.71,-39800,-744781.38
20240627,10:30:00,600692,亚通股份,买入,5.02,320000,1605248.75
20240627,10:30:00,300189,神农科技,买入,1.86,600000,1116000.00
20240627,10:30:00,300936,中英科技,买入,43.23,9500,410685.00
20240627,10:30:00,301180,万祥科技,买入,15.41,37900,584107.88
20240627,10:30:00,300021,大禹节水,买入,3.31,162400,537028.58
20240627,:00,301179,泽宇智能,卖出,17.76,-21300,-378388.11
20240627,:00,301393,昊帆生物,卖出,45.38,-13300,-603511.44
20240628,10:30:00,603171,税友股份,买入,26.93,22000,592475.40
20240628,10:30:00,300730,科创信息,买入,10.75,65800,707639.72
20240628,10:30:00,301169,零点有数,买入,28.74,12900,370765.35
20240628,10:30:00,300021,大禹节水,买入,3.38,160600,542806.46
20240628,10:30:00,300374,中铁装配,买入,15.44,15700,242403.29
20240628,:00,300021,大禹节水,卖出,3.31,-121800,-402592.00
20240628,:00,300936,中英科技,卖出,42.94,-9500,-407976.00
20240628,:00,300189,神农科技,卖出,1.80,-600000,-1080367.50
20240628,:00,600692,亚通股份,卖出,5.29,-320000,-1692679.65
20240628,:00,301180,万祥科技,卖出,15.77,-37900,-597865.98
20240701,10:30:00,300374,中铁装配,买入,15.31,40700,623117.00
20240701,10:30:00,301314,科瑞思,买入,43.02,11900,511938.00
20240701,10:30:00,300462,华铭智能,买入,11.81,39700,468813.33
20240701,10:30:00,300189,神农科技,买入,1.98,267900,530783.66
20240701,10:30:00,300930,屹通新材,买入,30.22,3800,114836.00
20240701,:00,301169,零点有数,卖出,28.12,-12900,-362776.15
20240701,:00,300021,大禹节水,卖出,3.35,-160600,-538256.00
20240701,:00,300374,中铁装配,卖出,15.59,-15700,-244763.00
20240701,:00,300730,科创信息,卖出,10.74,-65800,-706390.00
20240701,:00,603171,税友股份,卖出,28.81,-22000,-633828.80
20240702,10:30:00,300329,海伦钢琴,买入,3.85,150000,577500.00
20240702,10:30:00,300670,大烨智能,买入,6.27,78100,490069.69
20240702,10:30:00,300374,中铁装配,买入,15.29,17300,264526.00
20240702,:00,300930,屹通新材,卖出,26.28,-3800,-99875.02
20240702,:00,301314,科瑞思,卖出,40.21,-5700,-229170.21
20240702,:00,300189,神农科技,卖出,2.11,-267900,-565269.00
20240702,:00,300462,华铭智能,卖出,11.88,-39700,-471651.88
20240715,:00,002015,协鑫能科,卖出,8.64,-63200,-546048.00
20240715,10:30:00,000430,张家界,买入,6.14,139900,858710.37
20240715,:00,301005,超捷股份,卖出,26.93,-31000,-834938.10
20240716,10:30:00,301488,豪恩汽电,买入,67.27,9600,645810.96
20240716,10:30:00,831526,凯华材料,买入,19.57,26161,511970.77
20240716,10:30:00,000430,张家界,买入,6.05,45200,273319.88
20240716,:00,000430,张家界,卖出,6.07,-69900,-424293.00
20240717,:00,831526,凯华材料,卖出,21.88,-26161,-572334.66
20240717,10:30:00,600250,南京商旅,买入,8.69,37000,321530.00
20240717,:00,301488,豪恩汽电,卖出,63.33,-9600,-607946.83
20240717,10:30:00,301005,超捷股份,买入,25.34,12400,314270.56
20240717,:00,000430,张家界,卖出,6.08,-115200,-700344.00
20240718,10:30:00,000524,岭南控股,买入,8.10,59200,479537.76
20240718,:00,600250,南京商旅,卖出,8.06,-37000,-298345.80
20240718,:00,301005,超捷股份,卖出,24.52,-12400,-304064.16
20240718,10:30:00,159329,沙特ETF,买入,1.15,207101,238241.15
20240718,:00,159329,沙特ETF,卖出,1.13,-207101,-235031.23
20240718,10:30:00,688037,芯源微,买入,75.75,10529,797569.48
20240719,:00,000524,岭南控股,卖出,8.83,-59200,-522736.00
20240719,:00,688037,芯源微,卖出,76.79,-10529,-808560.87
20240719,10:30:00,159329,沙特ETF,买入,1.12,500000,559500.00
20240719,:00,159329,沙特ETF,卖出,1.10,-500000,-551500.00
20240722,10:30:00,300850,新强联,买入,14.64,53900,789125.34
20240722,10:30:00,301021,英诺激光,买入,19.23,16800,323064.00
20240723,:00,301021,英诺激光,卖出,18.02,-16800,-302675.90
20240723,10:30:00,301488,豪恩汽电,买入,59.31,7100,421071.18
20240723,10:30:00,002428,云南锗业,买入,12.70,61800,784665.00
20240723,10:30:00,603005,晶方科技,买入,23.19,24100,558789.83
20240723,:00,300850,新强联,卖出,15.24,-53900,-821625.79
20240723,10:30:00,301337,亚华电子,买入,27.79,15300,425220.66
20240724,10:30:00,600817,宇通重工,买入,10.65,19100,203415.00
20240724,:00,301337,亚华电子,卖出,26.91,-15300,-411675.57
20240724,:00,301488,豪恩汽电,卖出,55.34,-7100,-392916.84
20240724,:00,603005,晶方科技,卖出,21.00,-24100,-506102.41
20240724,:00,002428,云南锗业,卖出,12.59,-61800,-778062.00
20240725,:00,600817,宇通重工,卖出,9.13,-19100,-174451.76
20240725,10:30:00,300363,博腾股份,买入,11.91,27000,321570.00
20240725,10:30:00,300162,雷曼光电,买入,6.01,50000,300370.00
20240726,10:30:00,001379,腾达科技,买入,17.30,6000,103800.00
20240726,10:30:00,301117,佳缘科技,买入,33.54,3000,100608.00
20240726,:00,300162,雷曼光电,卖出,5.90,-50000,-295000.00
20240726,10:30:00,600611,大众交通,买入,8.10,12000,97200.00
20240726,10:30:00,600171,上海贝岭,买入,20.70,16100,333195.94
20240726,:00,300363,博腾股份,卖出,11.97,-27000,-323190.00
20240729,10:30:00,301117,佳缘科技,买入,31.49,6000,188940.00
20240729,:00,600171,上海贝岭,卖出,21.40,-16100,-344540.00
20240729,:00,301117,佳缘科技,卖出,32.01,-3000,-96018.90
20240729,10:30:00,300793,佳禾智能,买入,12.35,17500,216039.93
20240729,10:30:00,301330,熵基科技,买入,22.78,4000,91126.80
20240730,:00,301330,熵基科技,卖出,21.24,-4000,-84960.00
20240730,10:30:00,600692,亚通股份,买入,6.00,40000,239940.00
20240730,10:30:00,301117,佳缘科技,买入,30.43,6000,182580.00
20240730,10:30:00,002561,徐家汇,买入,8.18,20000,163600.00
20240730,:00,301117,佳缘科技,卖出,29.63,-6000,-177769.80
20240730,:00,300793,佳禾智能,卖出,12.11,-17500,-211925.00
20240731,10:30:00,300622,博士眼镜,买入,16.24,67200,1091328.00
20240731,:00,301117,佳缘科技,卖出,29.08,-6000,-174454.20
20240731,10:30:00,603080,新疆火炬,买入,13.87,17500,242676.84
20240731,:00,002561,徐家汇,卖出,7.99,-20000,-159800.00
20240731,:00,001379,腾达科技,卖出,24.79,-6000,-148756.80
20240731,:00,600611,大众交通,卖出,10.02,-12000,-120240.00
20240731,10:30:00,603341,龙旗科技,买入,37.08,10700,396717.48
20240801,10:30:00,000421,南京公用,买入,5.54,76400,423256.00
20240801,10:30:00,600187,国中水务,买入,2.58,151100,389838.00
20240801,:00,600692,亚通股份,卖出,7.66,-40000,-306400.00
20240801,:00,603080,新疆火炬,卖出,13.93,-17500,-243703.25
20240801,10:30:00,002627,三峡旅游,买入,5.05,87400,441553.54
20240801,10:30:00,300579,数字认证,买入,22.26,14500,322720.70
20240801,:00,300622,博士眼镜,卖出,15.51,-67200,-1042134.38
20240801,10:30:00,003029,吉大正元,买入,19.88,10600,210728.00
20240801,:00,603341,龙旗科技,卖出,39.33,-10700,-420868.45
20240802,10:30:00,601188,龙江交通,买入,3.80,127000,482600.00
20240802,:00,600187,国中水务,卖出,2.43,-151100,-367173.00
20240802,10:30:00,603286,日盈电子,买入,18.88,25400,479552.00
20240802,:00,002627,三峡旅游,卖出,4.99,-87400,-436076.00
20240802,10:30:00,000880,潍柴重机,买入,12.06,36600,441396.00
20240802,:00,000421,南京公用,卖出,5.47,-76400,-417908.00
20240802,:00,003029,吉大正元,卖出,20.40,-10600,-216240.00
20240802,:00,300579,数字认证,卖出,21.62,-14500,-313490.00
20240805,10:30:00,301608,C博实结,买入,78.50,2000,157000.00
20240805,:00,000880,潍柴重机,卖出,10.49,-36600,-383934.00
20240805,:00,601188,龙江交通,卖出,3.61,-127000,-458470.00
20240805,:00,603286,日盈电子,卖出,16.71,-25400,-424535.40
20240806,10:30:00,300061,旗天科技,买入,6.02,71100,428022.00
20240806,:00,301608,C博实结,卖出,70.01,-2000,-140010.00
20240806,10:30:00,688721,N龙图,买入,34.99,8000,279936.00
20240807,:00,688721,C龙图,卖出,32.94,-8000,-263485.60
20240807,:00,300061,旗天科技,卖出,6.36,-71100,-452196.00
20240808,10:30:00,600280,中央商场,买入,3.20,100000,320000.00
20240808,10:30:00,300238,冠昊生物,买入,9.43,60600,571577.04
20240808,10:30:00,301369,联动科技,买入,47.77,2200,105094.00
20240808,10:30:00,300147,香雪制药,买入,9.43,22200,209346.00
20240808,10:30:00,600611,大众交通,买入,9.46,31800,300828.00
20240809,:00,300238,冠昊生物,卖出,10.08,-60600,-610993.44
20240809,:00,301369,联动科技,卖出,51.17,-2200,-112576.00
20240809,:00,600611,大众交通,卖出,9.68,-31800,-307824.00
20240809,:00,600280,中央商场,卖出,3.45,-100000,-345000.00
20240809,10:30:00,000597,东北制药,买入,5.89,77600,457064.00
20240809,:00,300147,香雪制药,卖出,9.51,-22200,-211197.48
20240809,10:30:00,301507,民生健康,买入,17.30,12000,207578.40
20240812,10:30:00,301507,民生健康,买入,14.80,21000,310800.00
20240812,:00,000597,东北制药,卖出,5.86,-12400,-72664.00
20240812,:00,301507,民生健康,卖出,14.28,-12000,-171360.00
20240813,10:30:00,300622,博士眼镜,买入,21.57,10000,215684.00
20240813,:00,000597,东北制药,卖出,4.84,-65200,-315568.00
20240813,:00,301507,民生健康,卖出,13.61,-21000,-285810.00
20240813,10:30:00,603341,龙旗科技,买入,34.57,71200,2461666.49
20240814,10:30:00,300622,博士眼镜,买入,23.43,9000,210870.00
20240814,:00,603341,龙旗科技,卖出,36.56,-71200,-2602762.29
20240814,:00,300622,博士眼镜,卖出,25.93,-10000,-259268.00
20240815,10:30:00,736207,小方配号,买入,0.00,0,0.00
20240815,10:30:00,002865,钧达股份,买入,40.29,10800,435136.32
20240815,:00,300622,博士眼镜,卖出,28.35,-9000,-255150.00
20240815,10:30:00,300155,安居宝,买入,3.55,100000,355000.00
20240816,10:30:00,001314,亿道信息,买入,39.78,10200,405756.00
20240816,10:30:00,301383,天键股份,买入,31.43,13700,430570.45
20240816,:00,300155,安居宝,卖出,3.72,-100000,-372063.00
20240816,10:30:00,301079,邵阳液压,买入,16.34,26700,436395.48
20240816,:00,002865,钧达股份,卖出,40.06,-10800,-432682.56
20240819,:00,001314,亿道信息,卖出,39.99,-10200,-407898.00
20240819,10:30:00,002369,卓翼科技,买入,4.48,85300,381913.69
20240819,:00,301383,天键股份,卖出,28.79,-13700,-394425.74
20240819,:00,301079,邵阳液压,卖出,15.46,-26700,-412907.17
20240820,10:30:00,300622,博士眼镜,买入,30.96,16800,520204.00
20240820,:00,002369,卓翼科技,卖出,4.22,-85300,-359966.00
20240821,10:30:00,300622,博士眼镜,买入,29.41,12200,358788.58
20240821,:00,300622,博士眼镜,卖出,29.08,-16800,-488592.72
20240822,:00,300622,博士眼镜,卖出,29.24,-12200,-356744.00
20240822,10:30:00,600650,锦江在线,买入,13.99,15000,209850.00
20240822,10:30:00,300579,数字认证,买入,18.93,33300,630520.00
20240823,10:30:00,688076,诺泰生物,买入,63.99,3989,255256.11
20240823,:00,600650,锦江在线,卖出,13.58,-15000,-203700.00
20240823,:00,300579,数字认证,卖出,18.99,-33300,-632367.00
20240823,10:30:00,300106,西部牧业,买入,6.30,30000,189000.00
20240826,:00,300106,西部牧业,卖出,7.66,-30000,-229800.00
20240826,10:30:00,603626,科森科技,买入,5.41,80100,433341.00
20240826,10:30:00,300709,精研科技,买入,32.86,12700,417322.00
20240826,:00,688076,诺泰生物,卖出,59.78,-3989,-238462.42
20240827,10:30:00,603626,科森科技,买入,6.16,57900,356664.00
20240827,:00,300709,精研科技,卖出,33.00,-12700,-419116.51
20240827,:00,603626,科森科技,卖出,6.16,-58100,-357896.00
20240828,10:30:00,000062,深圳华强,买入,20.68,22000,454960.00
20240828,10:30:00,300531,优博讯,买入,11.79,84100,991465.00
20240829,10:30:00,000759,中百集团,买入,3.05,163800,499590.00
20240829,:00,000062,深圳华强,卖出,24.22,-22000,-532886.40
20240829,:00,300531,优博讯,卖出,11.57,-84100,-973455.00
20240829,10:30:00,000062,深圳华强,买入,23.45,27900,654255.00
20240830,10:30:00,300531,优博讯,买入,11.55,60000,693000.00
20240830,:00,000759,中百集团,卖出,3.07,-163800,-502866.00
20240830,10:30:00,002667,威领股份,买入,5.82,229000,1331967.00
20240902,:00,000062,深圳华强,卖出,28.00,-27900,-781200.00
20240902,:00,002667,威领股份,卖出,5.89,-229000,-1348810.00
20240902,:00,300531,优博讯,卖出,11.99,-60000,-719600.00
20240902,10:30:00,300972,万辰集团,买入,32.65,18200,594252.72
20240903,:00,300972,万辰集团,卖出,32.76,-18200,-596250.20
20240903,10:30:00,688163,赛伦生物,买入,16.90,49235,832069.08
20240903,10:30:00,300806,斯迪克,买入,13.18,39100,515201.36
20240904,:00,688163,赛伦生物,卖出,16.55,-49235,-814732.96
20240904,:00,300806,斯迪克,卖出,11.38,-39100,-444871.98
20240904,:00,603626,科森科技,卖出,10.92,-79900,-872508.00
20240904,10:30:00,688229,博睿数据,买入,36.94,13181,486957.45
20240905,10:30:00,300894,火星人,买入,11.52,30000,345600.00
20240905,10:30:00,300616,尚品宅配,买入,9.81,51300,503494.11
20240905,:00,688229,博睿数据,卖出,37.47,-13181,-493869.66
20240905,10:30:00,603708,家家悦,买入,8.24,60000,494400.00
20240905,10:30:00,603306,华懋科技,买入,20.81,61000,1269318.46
20240906,10:30:00,605588,冠石科技,买入,38.35,13000,498599.40
20240906,10:30:00,300786,国林科技,买入,10.96,45400,497747.44
20240906,10:30:00,300758,七彩化学,买入,11.00,57100,628062.49
20240906,:00,603708,家家悦,卖出,8.65,-60000,-518864.20
20240906,:00,300616,尚品宅配,卖出,9.68,-51300,-496734.00
20240906,:00,300894,火星人,卖出,11.25,-30000,-337500.00
20240909,:00,300758,七彩化学,卖出,11.59,-57100,-661566.31
20240909,:00,603306,华懋科技,卖出,24.92,-61000,-1519917.00
20240909,:00,300786,国林科技,卖出,11.28,-45400,-512169.02
20240909,:00,605588,冠石科技,卖出,38.92,-13000,-505966.44
20240910,10:30:00,600550,保变电气,买入,6.22,72817,453256.70
20240910,10:30:00,301383,天键股份,买入,28.07,44100,1237908.77
20240911,10:30:00,600550,保变电气,买入,6.02,80500,484610.00
20240911,10:30:00,301383,天键股份,买入,27.95,9200,257140.00
20240911,10:30:00,300622,博士眼镜,买入,24.74,39800,984815.88
20240911,:00,600550,保变电气,卖出,6.95,-72817,-505951.98
20240912,10:30:00,600550,保变电气,买入,6.99,85300,596247.00
20240912,10:30:00,300622,博士眼镜,买入,24.60,14000,344400.00
20240912,:00,600550,保变电气,卖出,7.69,-80500,-619045.00
20240913,:00,600550,保变电气,卖出,7.85,-85300,-669605.00
20240913,10:30:00,301383,天键股份,买入,26.61,15300,407185.02
20240918,:00,301383,天键股份,卖出,25.66,-57500,-1475497.00
20240918,:00,300622,博士眼镜,卖出,22.45,-53800,-1207955.26
20240919,10:30:00,301421,波长光电,买入,37.44,38500,1441330.00
20240919,:00,301383,天键股份,卖出,26.96,-11100,-299226.42
20240920,:00,301421,波长光电,卖出,37.32,-38500,-1436826.30
20240923,10:30:00,600619,海立股份,买入,6.48,217100,1407741.00
20240924,:00,600619,海立股份,卖出,7.68,-217100,-1666246.00
20240924,10:30:00,300070,碧水源,买入,3.33,527400,1758516.00
20240924,10:30:00,300190,维尔利,买入,2.91,148000,430680.00
20240924,10:30:00,605336,帅丰电器,买入,10.09,81800,825214.00
20240924,10:30:00,603366,日出东方,买入,3.89,468700,1825584.00
20240924,10:30:00,300894,火星人,买入,12.40,66500,824300.75
20240925,:00,300190,维尔利,卖出,3.02,-148000,-446960.00
20240925,:00,300070,碧水源,卖出,3.62,-527400,-1909140.00
20240925,:00,603366,日出东方,卖出,3.98,-468700,-1864252.00
20240925,10:30:00,002355,兴民智通,买入,5.14,151100,776654.00
20240925,:00,605336,帅丰电器,卖出,9.97,-81800,-815922.28
20240925,10:30:00,603214,爱婴室,买入,13.78,104000,1433034.96
20240925,:00,300894,火星人,卖出,12.24,-66500,-813906.54
20240926,10:30:00,002693,双成药业,买入,13.52,80000,1081600.00
20240926,10:30:00,300969,恒帅股份,买入,61.90,36900,2284272.73
20240926,10:30:00,603286,日盈电子,买入,17.70,38200,676055.96
20240926,:00,603214,爱婴室,卖出,13.38,-104000,-1391280.50
20240926,:00,002355,兴民智通,卖出,4.97,-151100,-750967.00
20240927,10:30:00,300755,华致酒行,买入,15.72,61700,969924.00
20240927,10:30:00,301551,C无线,买入,50.64,1500,75960.00
20240930,10:30:00,301522,上大股份,买入,0.00,44,0.00
20240930,:00,300755,华致酒行,卖出,19.44,-61700,-1199565.23
20240930,10:30:00,300969,恒帅股份,买入,73.21,7100,519808.75
20240930,:00,603286,日盈电子,卖出,18.90,-38200,-722033.48
20240930,10:30:00,300177,中海达,买入,10.15,228200,2317209.28
20240930,:00,301551,C无线,卖出,146.00,-1500,-219000.00
20241008,10:30:00,300177,中海达,买入,12.34,18100,223354.00
20241008,:00,300969,恒帅股份,卖出,93.52,-21100,-1973363.00
20241008,:00,300177,中海达,卖出,12.34,-228200,-2815120.84
20241008,10:30:00,300969,恒帅股份,买入,97.86,12300,1203678.00
20241009,10:30:00,300177,中海达,买入,13.00,160000,2080000.00
20241009,:00,300969,恒帅股份,卖出,94.10,-35200,-3312371.58
20241009,10:30:00,300735,光弘科技,买入,32.78,68000,2229067.20
20241009,10:30:00,300337,银邦股份,买入,14.82,161309,2389997.72
20241009,:00,300177,中海达,卖出,14.59,-18100,-264079.00
20241010,10:30:00,301611,珂玛科技,买入,64.37,20600,1326022.00
20241010,10:30:00,600460,士兰微,买入,28.78,35000,1007300.00
20241010,:00,300177,中海达,卖出,11.52,-160000,-1843079.32
20241010,:00,300735,光弘科技,卖出,30.31,-68000,-2061290.50
20241010,:00,002693,双成药业,卖出,17.82,-80000,-1425600.00
20241010,:00,300337,银邦股份,卖出,14.21,-161309,-2292102.56
20241011,:00,301611,珂玛科技,卖出,55.91,-20600,-1151671.84
20241011,10:30:00,002615,哈尔斯,买入,7.50,163600,1227399.00
20241011,:00,600460,士兰微,卖出,24.80,-35000,-867958.00
20241014,10:30:00,601211,国泰君安,买入,19.57,94000,1839580.00
20241014,:00,002615,哈尔斯,卖出,7.52,-163600,-1229521.78
20241015,10:30:00,300337,银邦股份,买入,19.01,80000,1520800.00
20241015,10:30:00,301421,波长光电,买入,61.97,18000,1115460.00
20241015,:00,601211,国泰君安,卖出,18.29,-94000,-1719260.00
20241015,10:30:00,300667,必创科技,买入,18.30,215433,3942089.55
20241015,10:30:00,002693,双成药业,买入,19.40,47200,915680.00
20241016,:00,300337,银邦股份,卖出,18.24,-80000,-1459508.00
20241016,:00,301421,波长光电,卖出,61.25,-18000,-1102530.60
20241016,:00,300667,必创科技,卖出,18.01,-215433,-3879122.93
20241016,10:30:00,600248,陕建股份,买入,4.36,808800,3529375.00
20241016,10:30:00,300621,维业股份,买入,10.94,150000,1641000.00
20241016,10:30:00,301098,金埔园林,买入,8.91,59010,525779.10
20241017,:00,300621,维业股份,卖出,10.54,-150000,-1581045.75
20241017,:00,301098,金埔园林,卖出,8.41,-59010,-496233.44
20241017,:00,600248,陕建股份,卖出,4.24,-808800,-3427290.00
20241017,10:30:00,688629,华丰科技,买入,33.29,23728,790011.90
20241017,10:30:00,002693,双成药业,买入,19.30,98800,1906840.00
20241018,10:30:00,789726,拉普配号,买入,0.00,13,0.00
20241018,:00,688629,华丰科技,卖出,34.00,-23728,-806752.00
20241018,10:30:00,002843,泰嘉股份,买入,18.95,94700,1794565.00
20241018,10:30:00,300293,蓝英装备,买入,32.00,60100,1923200.00
20241021,:00,300293,蓝英装备,卖出,32.62,-60100,-1960169.00
20241021,:00,002843,泰嘉股份,卖出,19.96,-94700,-1890308.39
20241021,10:30:00,600248,陕建股份,买入,4.15,118100,490115.00
20241022,:00,600248,陕建股份,卖出,4.11,-118100,-485391.00
20241022,10:30:00,301171,易点天下,买入,21.93,88600,1942873.96
20241022,:00,002693,双成药业,卖出,31.23,-146000,-4560018.00
20241023,:00,301171,易点天下,卖出,21.15,-88600,-1873890.00
20241023,10:30:00,300652,雷迪克,买入,34.48,47000,1620575.90
20241024,10:30:00,300489,光智科技,买入,94.59,39500,3736455.90
20241024,:00,300652,雷迪克,卖出,32.91,-47000,-1546625.58
20241025,10:30:00,300489,光智科技,买入,105.00,26400,2772000.00
20241025,:00,300489,光智科技,卖出,110.53,-39500,-4365784.22
20241025,10:30:00,300735,光弘科技,买入,33.83,90500,3061242.45
20241025,10:30:00,301171,易点天下,买入,19.22,184400,3543246.98
20241028,:00,300489,光智科技,卖出,100.56,-26400,-2654712.72
20241028,:00,300735,光弘科技,卖出,34.41,-90500,-3114381.29
20241028,10:30:00,600248,陕建股份,买入,4.23,1873000,7921860.85
20241028,:00,301171,易点天下,卖出,20.22,-46100,-932142.00
20241029,10:30:00,300364,中文在线,买入,33.25,77200,2567016.77
20241029,:00,301171,易点天下,卖出,19.67,-138300,-2719992.00
20241029,:00,600248,陕建股份,卖出,4.14,-1873000,-7762894.00
20241029,10:30:00,600622,光大嘉宝,买入,4.32,333300,1439856.00
20241030,10:30:00,603887,城地香江,买入,19.22,87600,1684004.88
20241030,:00,600622,光大嘉宝,卖出,4.75,-333300,-1583175.00
20241030,10:30:00,600622,光大嘉宝,买入,4.44,402600,1785928.00
20241030,10:30:00,603773,沃格光电,买入,26.74,131400,3513636.00
20241030,:00,300364,中文在线,卖出,29.40,-77200,-2269687.72
20241031,10:30:00,600895,张江高科,买入,28.68,52300,1499964.00
20241031,:00,603773,沃格光电,卖出,28.12,-131400,-3695520.51
20241031,:00,600622,光大嘉宝,卖出,4.95,-402600,-1992870.00
20241031,10:30:00,002400,省广集团,买入,6.11,670500,4096752.82
20241031,:00,603887,城地香江,卖出,21.80,-87600,-1909294.56
20241031,10:30:00,600248,陕建股份,买入,4.54,500000,2270000.00
20241031,10:30:00,603991,至正股份,买入,97.00,15644,1517468.00
20241031,10:30:00,603283,赛腾股份,买入,72.21,43300,3126713.89
20241101,:00,600248,陕建股份,卖出,4.54,-500000,-2270000.00
20241101,:00,603991,至正股份,卖出,89.00,-15644,-1392316.00
20241101,10:30:00,300735,光弘科技,买入,34.48,71700,2472287.70
20241101,10:30:00,832786,骑士乳业,买入,8.50,165603,1407625.50
20241101,:00,002400,省广集团,卖出,6.59,-670500,-4418595.00
20241101,:00,603283,赛腾股份,卖出,69.61,-43300,-3013949.61
20241101,:00,600895,张江高科,卖出,31.55,-52300,-1650065.00
20241101,10:30:00,002828,贝肯能源,买入,8.75,75800,663250.00
20241101,10:30:00,830964,润农节水,买入,12.59,33856,426247.04
20241101,10:30:00,002312,川发龙蟒,买入,19.02,62700,1192554.00
20241104,10:30:00,600203,福日电子,买入,11.46,424800,4868208.00
20241104,:00,002312,川发龙蟒,卖出,19.90,-62700,-1247730.00
20241104,:00,002828,贝肯能源,卖出,8.81,-75800,-667555.44
20241104,:00,830964,润农节水,卖出,11.46,-33856,-387895.43
20241104,:00,832786,骑士乳业,卖出,7.78,-165603,-1287743.38
20241104,:00,300735,光弘科技,卖出,36.22,-71700,-2596665.12
20241105,10:30:00,300121,阳谷华泰,买入,19.63,127500,2503309.50
20241105,:00,600203,福日电子,卖出,14.49,-424800,-6156980.40
20241105,10:30:00,605218,伟时电子,买入,27.19,113300,3080230.45
20241105,10:30:00,300861,美畅股份,买入,27.99,94900,2656706.52
20241105,10:30:00,603863,松炀资源,买入,28.95,106400,3080280.00
20241106,:00,300861,美畅股份,卖出,28.86,-94900,-2738374.36
20241106,10:30:00,000572,海马汽车,买入,6.04,600000,3624000.00
20241106,:00,300121,阳谷华泰,卖出,17.92,-127500,-2284672.50
20241106,10:30:00,300551,古鳌科技,买入,17.41,135800,2364278.00
20241106,:00,603863,松炀资源,卖出,31.12,-106400,-3311153.24
20241106,10:30:00,600580,卧龙电驱,买入,16.72,169651,2835910.94
20241106,:00,605218,伟时电子,卖出,25.91,-113300,-2935279.53
20241107,10:30:00,605218,伟时电子,买入,25.11,62100,1559331.00
20241107,10:30:00,600221,海航控股,买入,1.97,2040800,4024048.00
20241107,:00,300551,古鳌科技,卖出,16.33,-135800,-2217963.13
20241107,10:30:00,600326,西藏天路,买入,7.85,366300,2873916.54
20241107,:00,000572,海马汽车,卖出,5.47,-600000,-3282000.00
20241107,:00,600580,卧龙电驱,卖出,15.91,-169651,-2698350.05
20241108,:00,600326,西藏天路,卖出,8.08,-366300,-2958984.41
20241108,10:30:00,300762,上海瀚讯,买入,27.70,126900,3515193.45
20241108,:00,600221,海航控股,卖出,2.41,-2040800,-4910058.00
20241108,:00,605218,伟时电子,卖出,29.94,-62100,-1859449.65
20241108,10:30:00,301313,凡拓数创,买入,22.48,48900,1099027.50
20241108,10:30:00,688039,当虹科技,买入,30.00,49072,1472002.97
20241108,10:30:00,300556,丝路视觉,买入,20.28,131400,2664811.62
20241111,10:30:00,002312,川发龙蟒,买入,16.59,129200,2143428.00
20241111,10:30:00,603366,日出东方,买入,7.08,996300,7053840.84
20241111,:00,300556,丝路视觉,卖出,20.15,-131400,-2648026.30
20241111,:00,301313,凡拓数创,卖出,22.25,-48900,-1087912.53
20241111,:00,688039,当虹科技,卖出,29.65,-49072,-1454763.98
20241111,:00,300762,上海瀚讯,卖出,30.80,-126900,-3908976.59
20241111,10:30:00,300762,上海瀚讯,买入,29.52,19800,584486.00
20241112,10:30:00,002892,科力尔,买入,18.00,140200,2523361.66
20241112,:00,603366,日出东方,卖出,7.16,-996300,-7136055.00
20241112,10:30:00,300217,东方电热,买入,5.52,543300,3001260.75
20241112,10:30:00,832175,东方碳素,买入,12.39,148021,1833352.49
20241112,10:30:00,300173,福能东方,买入,6.91,265500,1834498.80
20241112,:00,300762,上海瀚讯,卖出,28.38,-19800,-561929.94
20241112,:00,002312,川发龙蟒,卖出,16.66,-129200,-2152472.00
20241113,10:30:00,688116,天奈科技,买入,43.73,61324,2681698.52
20241113,:00,300173,福能东方,卖出,6.92,-265500,-1836822.00
20241113,10:30:00,605218,伟时电子,买入,29.01,112200,3254922.00
20241113,:00,002892,科力尔,卖出,17.39,-140200,-2438246.24
20241113,10:30:00,300217,东方电热,买入,5.49,300000,1647000.00
20241113,10:30:00,300184,力源信息,买入,12.70,150000,1905000.00
20241114,10:30:00,300762,上海瀚讯,买入,27.15,117300,3184507.32
20241114,:00,832175,东方碳素,卖出,14.27,-148021,-2111544.73
20241114,:00,300184,力源信息,卖出,13.07,-150000,-1960282.50
20241114,:00,605218,伟时电子,卖出,28.61,-112200,-3209849.76
20241114,:00,688116,天奈科技,卖出,40.20,-61324,-2464985.64
20241115,:00,300217,东方电热,卖出,5.31,-843300,-4477819.78
20241115,10:30:00,002312,川发龙蟒,买入,15.40,200200,3083570.16
20241115,10:30:00,300762,上海瀚讯,买入,26.20,100000,2619620.00
20241115,:00,300762,上海瀚讯,卖出,26.63,-117300,-3123159.91
20241118,10:30:00,002312,川发龙蟒,买入,14.88,193500,2878815.60
20241118,10:30:00,300133,华策影视,买入,7.48,379800,2842484.52
20241118,:00,300762,上海瀚讯,卖出,26.41,-100000,-2640825.00
20241118,:00,002312,川发龙蟒,卖出,15.07,-200200,-3017014.00
20241119,10:30:00,603721,中广天择,买入,26.61,147500,3924975.00
20241119,10:30:00,603918,金桥信息,买入,14.20,285000,4047000.00
20241119,:00,002312,川发龙蟒,卖出,15.19,-193500,-2938877.55
20241119,:00,300133,华策影视,卖出,7.35,-229800,-1689030.00
20241120,:00,603918,金桥信息,卖出,14.05,-285000,-4003081.14
20241120,:00,300133,华策影视,卖出,7.51,-150000,-1126635.00
20241120,:00,603721,中广天择,卖出,28.74,-147500,-4239091.12
20241120,10:30:00,300652,雷迪克,买入,31.31,93500,2927086.60
20241121,10:30:00,600966,博汇纸业,买入,5.96,500000,2980000.00
20241121,10:30:00,603079,圣达生物,买入,19.32,242400,4684236.73
20241121,:00,300652,雷迪克,卖出,30.35,-93500,-2837847.52
20241121,10:30:00,301182,凯旺科技,买入,40.10,59700,2393868.48
20241122,:00,603079,圣达生物,卖出,21.14,-242400,-5124360.24
20241122,:00,301182,凯旺科技,卖出,39.95,-59700,-2385181.75
20241122,10:30:00,603859,能科科技,买入,31.81,65600,2087033.47
20241122,:00,600966,博汇纸业,卖出,5.60,-500000,-2800000.00
20241122,10:30:00,831087,秋乐种业,买入,14.25,38374,546829.50
20241122,10:30:00,002820,桂发祥,买入,9.86,388700,3832582.00
20241125,10:30:00,300133,华策影视,买入,7.29,450000,3279525.00
20241125,10:30:00,002820,桂发祥,买入,9.49,101400,962559.78
20241125,:00,831087,秋乐种业,卖出,14.29,-38374,-548475.74
20241125,:00,603859,能科科技,卖出,30.20,-65600,-1981442.99
20241125,:00,002820,桂发祥,卖出,10.20,-47600,-485308.00
20241126,10:30:00,002820,桂发祥,买入,11.40,155400,1771560.00
20241126,:00,300133,华策影视,卖出,7.84,-450000,-3529590.00
20241126,10:30:00,603822,嘉澳环保,买入,51.99,38900,2022328.80
20241126,10:30:00,300892,品渥食品,买入,41.19,82100,3381953.51
20241127,:00,300892,品渥食品,卖出,39.14,-82100,-3213593.31
20241127,:00,603822,嘉澳环保,卖出,50.29,-38900,-1956321.56
20241127,10:30:00,600622,光大嘉宝,买入,3.81,1000000,3814400.00
20241127,10:30:00,300997,欢乐家,买入,13.98,168300,2352834.00
20241128,10:30:00,300736,百邦科技,买入,11.80,41400,488520.00
20241128,:00,300997,欢乐家,卖出,14.57,-168300,-2452824.47
20241128,10:30:00,600622,光大嘉宝,买入,3.92,655900,2572833.48
20241129,10:30:00,600622,光大嘉宝,买入,3.86,174300,672798.00
20241129,:00,300736,百邦科技,卖出,11.80,-41400,-488664.90
20241129,:00,600622,光大嘉宝,卖出,3.85,-1655900,-6373905.00
20241202,10:30:00,836961,西磁科技,买入,41.13,75565,3107811.56
20241202,:00,600622,光大嘉宝,卖出,3.97,-174300,-691971.00
20241203,:00,836961,西磁科技,卖出,48.28,-75565,-3648185.88
20241203,10:30:00,301335,天元宠物,买入,30.96,194236,6013546.56
20241203,:00,002820,桂发祥,卖出,19.22,-597900,-11491638.00
20241204,10:30:00,002103,广博股份,买入,13.90,967600,13449640.00
20241204,:00,301335,天元宠物,卖出,26.86,-194236,-5216869.73
20241205,:00,002103,广博股份,卖出,12.91,-967600,-12495524.41
20241206,10:30:00,000759,中百集团,买入,5.21,500000,2605000.00
20241206,10:30:00,601933,永辉超市,买入,5.61,37900,212619.00
20241206,10:30:00,301600,慧翰股份,买入,110.24,40900,4508779.63
20241209,10:30:00,600889,南京化纤,买入,19.75,181300,3580675.00
20241209,10:30:00,601933,永辉超市,买入,5.50,1000000,5500000.00
20241209,10:30:00,001217,华尔泰,买入,13.32,273400,3641688.00
20241209,:00,601933,永辉超市,卖出,5.62,-37900,-212998.00
20241209,:00,301600,慧翰股份,卖出,127.80,-40900,-5227019.19
20241209,10:30:00,301085,亚康股份,买入,61.33,75800,4648667.27
20241210,10:30:00,300310,宜通世纪,买入,9.80,584900,5731849.06
20241210,:00,600889,南京化纤,卖出,20.18,-181300,-3659423.40
20241210,10:30:00,688787,海天瑞声,买入,114.80,68280,7838309.74
20241210,:00,001217,华尔泰,卖出,13.21,-273400,-3612893.63
20241211,10:30:00,001217,华尔泰,买入,13.01,164300,2137755.00
20241211,:00,601933,永辉超市,卖出,6.27,-1000000,-6267044.00
20241211,:00,688787,海天瑞声,卖出,130.53,-68280,-8912856.34
20241211,:00,301085,亚康股份,卖出,75.85,-75800,-5749430.00
20241211,10:30:00,831304,迪尔化工,买入,15.33,151673,2324804.86
20241211,10:30:00,688229,博睿数据,买入,49.98,50000,2498830.00
20241211,10:30:00,300310,宜通世纪,买入,9.44,300000,2831130.00
20241212,:00,300310,宜通世纪,卖出,9.84,-884900,-8711668.00
20241212,:00,688229,博睿数据,卖出,49.30,-50000,-2464787.15
20241212,10:30:00,000795,英洛华,买入,11.56,241400,2790726.00
20241212,10:30:00,603598,引力传媒,买入,21.93,330800,7254444.00
20241212,:00,001217,华尔泰,卖出,13.75,-164300,-2259239.21
20241212,:00,831304,迪尔化工,卖出,14.57,-151673,-2209608.22
20241212,10:30:00,300442,润泽科技,买入,43.06,182800,7871821.52
20241213,:00,603598,引力传媒,卖出,22.92,-330800,-7580482.17
20241213,10:30:00,839493,并行科技,买入,69.25,52624,3644277.89
20241213,10:30:00,300177,中海达,买入,16.68,228200,3806376.00
20241213,:00,000795,英洛华,卖出,11.30,-241400,-2727820.00
20241213,:00,300442,润泽科技,卖出,49.89,-182800,-9120111.36
20241216,:00,839493,并行科技,卖出,69.70,-52624,-3667641.53
20241216,10:30:00,300442,润泽科技,买入,47.10,115300,5430426.50
20241216,:00,300177,中海达,卖出,16.01,-228200,-3652546.38
20241216,10:30:00,002843,泰嘉股份,买入,21.26,91500,1945225.95
20241216,10:30:00,002103,广博股份,买入,14.73,333300,4909509.00
20241217,:00,002103,广博股份,卖出,14.55,-333300,-4849710.36
20241217,:00,000759,中百集团,卖出,8.70,-500000,-4350000.00
20241217,:00,300442,润泽科技,卖出,46.52,-115300,-5363179.50
20241217,10:30:00,601933,永辉超市,买入,6.88,1000000,6880000.00
20241217,:00,002843,泰嘉股份,卖出,19.51,-91500,-1785414.60
20241218,:00,601933,永辉超市,卖出,6.50,-1000000,-6502600.00
20241219,10:30:00,000802,北京文化,买入,7.59,433300,3287403.00
20241219,10:30:00,603103,横店影视,买入,15.32,88200,1351224.00
20241219,10:30:00,300442,润泽科技,买入,50.07,85200,4266250.00
20241219,10:30:00,839493,并行科技,买入,63.90,70563,4509275.77
20241219,10:30:00,600645,中源协和,买入,21.45,658200,14118085.24
20241219,10:30:00,300238,冠昊生物,买入,14.13,332900,4704322.90
20241220,:00,600645,中源协和,卖出,21.34,-658200,-14045548.81
20241220,:00,300238,冠昊生物,卖出,14.05,-332900,-4677940.70
20241220,:00,300442,润泽科技,卖出,57.48,-85200,-4897296.00
20241220,10:30:00,688256,寒武纪,买入,645.90,14283,9225388.30
20241220,:00,839493,并行科技,卖出,69.85,-70563,-4928825.48
20241223,10:30:00,688571,杭华股份,买入,7.59,336200,2552406.00
20241223,:00,603103,横店影视,卖出,15.31,-88200,-1350606.60
20241223,:00,000802,北京文化,卖出,6.86,-433300,-2970790.57
20241223,10:30:00,002281,光迅科技,买入,56.77,100700,5717163.80
20241223,:00,688256,寒武纪,卖出,648.82,-14283,-9267143.31
20241224,:00,688571,杭华股份,卖出,7.78,-336200,-2614602.01
20241224,10:30:00,002307,北新路桥,买入,4.41,1000000,4410000.00
20241224,10:30:00,603777,来伊份,买入,14.62,597700,8739769.56
20241224,:00,002281,光迅科技,卖出,56.30,-100700,-5669410.00
20241225,:00,002307,北新路桥,卖出,4.80,-1000000,-4800000.00
20241225,10:30:00,000810,创维数字,买入,16.00,316300,5060800.00
20241225,10:30:00,301110,青木科技,买入,73.03,3900,284817.00
20241225,10:30:00,300793,佳禾智能,买入,22.08,675000,14900737.50
20241226,10:30:00,603777,来伊份,买入,16.30,48800,795440.00
20241226,:00,000810,创维数字,卖出,17.64,-316300,-5580101.34
20241226,:00,300793,佳禾智能,卖出,21.77,-675000,-14697651.56
20241226,:00,301110,青木科技,卖出,75.49,-3900,-294425.04
20241226,:00,603777,来伊份,卖出,16.26,-597700,-9720827.87
20241227,10:30:00,603777,来伊份,买入,14.81,250000,3702500.00
20241227,10:30:00,002577,雷柏科技,买入,20.15,446300,8994121.28
20241227,10:30:00,600580,卧龙电驱,买入,18.70,385500,7208850.00
20241230,:00,600580,卧龙电驱,卖出,19.75,-385500,-7613625.00
20241230,10:30:00,002045,国光电器,买入,22.75,235600,5359900.00
20241230,10:30:00,002577,雷柏科技,买入,21.54,63700,1372098.00
20241230,:00,002577,雷柏科技,卖出,20.89,-446300,-9321184.98
20241230,:00,603777,来伊份,卖出,14.10,-298800,-4211813.17
20241231,:00,002577,雷柏科技,卖出,20.07,-63700,-1278325.94
20241231,10:30:00,300548,博创科技,买入,46.50,75000,3487357.50
20241231,10:30:00,603286,日盈电子,买入,20.59,35400,728886.00
20241231,:00,002045,国光电器,卖出,22.57,-235600,-5317038.00
